{
    "type": "reply",
    "tag": "ios",
    "difficulty": "1",
    "from": "http://www.jianshu.com/p/20f8d59eb8fb",
    "description": "<p>Object-c的类可以多重继承么?可以实现多个接口么?Category是什么?重写一个类的方式用继承好还是分类好?为什么?</p>\n",
    "answer": "<p>Object-c的类不可以多重继承;可以实现多个接口，通过实现多个接口可以完成C++的多重继承;Category是类别，一般情况用分类好，用Category去重写类的方法，仅对本Category有效，不会影响到其他类与原有类的关系。</p>\n",
    "options": []
}