{
    "type": "reply",
    "tag": "ios",
    "difficulty": "1",
    "from": "http://www.jianshu.com/p/20f8d59eb8fb",
    "description": "<p>内存管理的几条原则时什么?按照默认法则.那些关键字生成的对象需要手动释放?在和property结合的时候怎样有效的避免内存泄露?</p>\n",
    "answer": "<p>谁申请，谁释放</p>\n<p>遵循Cocoa Touch的使用原则;</p>\n<p>内存管理主要要避免“过早释放”和“内存泄漏”，对于“过早释放”需要注意@property设置特性时，一定要用对特性关键字，对于“内存泄漏”，一定要申请了要负责释放，要细心。</p>\n<p>关键字alloc 或new 生成的对象需要手动释放;</p>\n<p>设置正确的property属性，对于retain需要在合适的地方释放，</p>\n",
    "options": []
}