{
    "type": "reply",
    "tag": "ios",
    "difficulty": "1",
    "from": "http://www.jianshu.com/p/20f8d59eb8fb",
    "description": "<p>Object C中创建线程的方法是什么?如果在主线程中执行代码，方法是什么?如果想延时执行代码、方法又是什么?</p>\n",
    "answer": "<p>线程创建有三种方法：使用NSThread创建、使用GCD的dispatch、使用子类化的NSOperation,然后将其加入NSOperationQueue;在主线程执行代码，方法是performSelectorOnMainThread，如果想延时执行代码可以用performSelector:onThread:withObject:waitUntilDone:</p>\n",
    "options": []
}