{
    "type": "reply",
    "tag": "ios",
    "difficulty": "1",
    "from": "http://www.jianshu.com/p/20f8d59eb8fb",
    "description": "<p>浅复制和深复制的区别?</p>\n",
    "answer": "<p>浅层复制：只复制指向对象的指针，而不复制引用对象本身。</p>\n<p>深层复制：复制引用对象本身。</p>\n<p>意思就是说我有个A对象，复制一份后得到A_copy对象后，对于浅复制来说，A和A_copy指向的是同一个内存资源，复制的只不过是是一个指针，对象本身资源</p>\n<p>还是只有一份，那如果我们对A_copy执行了修改操作,那么发现A引用的对象同样被修改，这其实违背了我们复制拷贝的一个思想。深复制就好理解了,内存中存在了</p>\n<p>两份独立对象本身。</p>\n<p>用网上一哥们通俗的话将就是：</p>\n<p>浅复制好比你和你的影子，你完蛋，你的影子也完蛋</p>\n<p>深复制好比你和你的克隆人，你完蛋，你的克隆人还活着。</p>\n",
    "options": []
}