{
    "type": "reply",
    "tag": "ios",
    "difficulty": "1",
    "from": "http://www.jianshu.com/p/20f8d59eb8fb",
    "description": "<h1 id=\"import-%E8%B7%9F-include-%E5%8F%88%E4%BB%80%E4%B9%88%E5%8C%BA%E5%88%AB%EF%BC%8C-class%E5%91%A2-import-%E8%B7%9F-import-%E5%8F%88%E4%BB%80%E4%B9%88%E5%8C%BA%E5%88%AB\">import 跟#include 又什么区别，@class呢, #import&lt;&gt; 跟 #import&quot;&quot;又什么区别?</h1>\n",
    "answer": "<h1 id=\"import%E6%98%AFobjective-c%E5%AF%BC%E5%85%A5%E5%A4%B4%E6%96%87%E4%BB%B6%E7%9A%84%E5%85%B3%E9%94%AE%E5%AD%97%EF%BC%8C-include%E6%98%AFc-c-%E5%AF%BC%E5%85%A5%E5%A4%B4%E6%96%87%E4%BB%B6%E7%9A%84%E5%85%B3%E9%94%AE%E5%AD%97-%E4%BD%BF%E7%94%A8-import%E5%A4%B4%E6%96%87%E4%BB%B6%E4%BC%9A%E8%87%AA%E5%8A%A8%E5%8F%AA%E5%AF%BC%E5%85%A5%E4%B8%80%E6%AC%A1%EF%BC%8C%E4%B8%8D%E4%BC%9A%E9%87%8D%E5%A4%8D%E5%AF%BC%E5%85%A5%EF%BC%8C%E7%9B%B8%E5%BD%93%E4%BA%8E-include%E5%92%8C-pragma-once-class%E5%91%8A%E8%AF%89%E7%BC%96%E8%AF%91%E5%99%A8%E6%9F%90%E4%B8%AA%E7%B1%BB%E7%9A%84%E5%A3%B0%E6%98%8E%EF%BC%8C%E5%BD%93%E6%89%A7%E8%A1%8C%E6%97%B6%EF%BC%8C%E6%89%8D%E5%8E%BB%E6%9F%A5%E7%9C%8B%E7%B1%BB%E7%9A%84%E5%AE%9E%E7%8E%B0%E6%96%87%E4%BB%B6%EF%BC%8C%E5%8F%AF%E4%BB%A5%E8%A7%A3%E5%86%B3%E5%A4%B4%E6%96%87%E4%BB%B6%E7%9A%84%E7%9B%B8%E4%BA%92%E5%8C%85%E5%90%AB-import-%E7%94%A8%E6%9D%A5%E5%8C%85%E5%90%AB%E7%B3%BB%E7%BB%9F%E7%9A%84%E5%A4%B4%E6%96%87%E4%BB%B6%EF%BC%8C-import%E2%80%9D%E2%80%9D%E7%94%A8%E6%9D%A5%E5%8C%85%E5%90%AB%E7%94%A8%E6%88%B7%E5%A4%B4%E6%96%87%E4%BB%B6%E3%80%82\">import是Objective-C导入头文件的关键字，#include是C/C++导入头文件的关键字,使用#import头文件会自动只导入一次，不会重复导入，相当于#include和#pragma once;@class告诉编译器某个类的声明，当执行时，才去查看类的实现文件，可以解决头文件的相互包含;#import&lt;&gt;用来包含系统的头文件，#import””用来包含用户头文件。</h1>\n",
    "options": []
}