{
    "type": "reply",
    "tag": "ios",
    "difficulty": "1",
    "from": "http://www.jianshu.com/p/20f8d59eb8fb",
    "description": "<p>oc中可修改和不可以修改类型?</p>\n",
    "answer": "<p>可修改不可修改的集合类。这个我个人简单理解就是可动态添加修改和不可动态添加修改一样。</p>\n<p>比如NSArray和NSMutableArray。前者在初始化后的内存控件就是固定不可变的，后者可以添加等，可以动态申请新的内存空间。</p>\n",
    "options": []
}