{
    "type": "reply",
    "tag": "ios",
    "difficulty": "1",
    "from": "http://www.jianshu.com/p/20f8d59eb8fb",
    "description": "<p>我们说的oc是动态运行时语言是什么意思?</p>\n",
    "answer": "<p>多态。 主要是将数据类型的确定由编译时，推迟到了运行时。</p>\n<p>这个问题其实浅涉及到两个概念，运行时和多态。</p>\n<p>简单来说，运行时机制使我们直到运行时才去决定一个对象的类别，以及调用该类别对象指定方法。</p>\n<p>多态：不同对象以自己的方式响应相同的消息的能力叫做多态。意思就是假设生物类(life)都用有一个相同的方法-eat;</p>\n<p>那人类属于生物，猪也属于生物，都继承了life后，实现各自的eat，但是调用是我们只需调用各自的eat方法。</p>\n<p>也就是不同的对象以自己的方式响应了相同的消息(响应了eat这个选择器)。</p>\n<p>因此也可以说，运行时机制是多态的基础?~~~</p>\n",
    "options": []
}