{
    "type": "reply",
    "tag": "ios",
    "difficulty": "1",
    "from": "http://www.jianshu.com/p/20f8d59eb8fb",
    "description": "<p>通知和协议的不同之处?</p>\n",
    "answer": "<p>协议有控制链(has-a)的关系，通知没有。</p>\n<p>首先我一开始也不太明白，什么叫控制链(专业术语了~)。但是简单分析下通知和代理的行为模式，我们大致可以有自己的理解</p>\n<p>简单来说，通知的话，它可以一对多，一条消息可以发送给多个消息接受者。</p>\n<p>代理按我们的理解，到不是直接说不能一对多，比如我们知道的明星经济代理人，很多时候一个经济人负责好几个明星的事务。</p>\n<p>只是对于不同明星间，代理的事物对象都是不一样的，一一对应，不可能说明天要处理A明星要一个发布会，代理人发出处理发布会的消息后，别称B的</p>\n<p>发布会了。但是通知就不一样，他只关心发出通知，而不关心多少接收到感兴趣要处理。</p>\n<p>因此控制链(has-a从英语单词大致可以看出，单一拥有和可控制的对应关系。</p>\n",
    "options": []
}