{
    "type": "reply",
    "tag": "ios",
    "difficulty": "1",
    "from": "http://www.jianshu.com/p/20f8d59eb8fb",
    "description": "<p>对于单例的理解</p>\n",
    "answer": "<p>在objective-c中要实现一个单例类，至少需要做以下四个步骤：</p>\n<p>1).为单例对象实现一个静态实例，并初始化，然后设置成nil，</p>\n<p>2).实现一个实例构造方法检查上面声明的静态实例是否为nil，如果是则新建并返回一个本类的实例，</p>\n<p>3).重写allocWithZone方法，用来保证其他人直接使用alloc和init试图获得一个新实力的时候不产生一个新实例，</p>\n<p>4).适当实现allocWitheZone，copyWithZone，release和autorelease。</p>\n",
    "options": []
}