{
    "type": "reply",
    "tag": "ios",
    "difficulty": "1",
    "from": "http://www.jianshu.com/p/20f8d59eb8fb",
    "description": "<p>说说响应链</p>\n",
    "answer": "<p>事件响应链。包括点击事件，画面刷新事件等。在视图栈内从上至下，或者从下之上传播。</p>\n<p>可以说点事件的分发，传递以及处理。具体可以去看下touch事件这块。因为问的太抽象化了</p>\n<p>严重怀疑题目出到越后面就越笼统。</p>\n<p>可以从责任链模式，来讲通过事件响应链处理，其拥有的扩展性</p>\n",
    "options": []
}