{
    "type": "reply",
    "tag": "ios",
    "difficulty": "1",
    "from": "http://www.jianshu.com/p/20f8d59eb8fb",
    "description": "<p>是否在一个视图控制器中嵌入两个tableview控制器?</p>\n",
    "answer": "<p>一个视图控制只提供了一个View视图，理论上一个tableViewController也不能放吧，</p>\n<p>只能说可以嵌入一个tableview视图。当然，题目本身也有歧义，如果不是我们定性思维认为的UIViewController，而是宏观的表示视图控制者，那我们倒是可以把其看成一个视图控制者，它可以控制多个视图控制器，比如TabbarController那样的感觉。</p>\n",
    "options": []
}