{
    "type": "reply",
    "tag": "ios",
    "difficulty": "1",
    "from": "http://www.jianshu.com/p/20f8d59eb8fb",
    "description": "<p>一个tableView是否可以关联两个不同的数据源?你会怎么处理?</p>\n",
    "answer": "<p>首先我们从代码来看，数据源如何关联上的，其实是在数据源关联的代理方法里实现的。</p>\n<p>因此我们并不关心如何去关联他，他怎么关联上，方法只是让我返回根据自己的需要去设置如相关的数据源。</p>\n<p>因此，我觉得可以设置多个数据源啊，但是有个问题是，你这是想干嘛呢?想让列表如何显示，不同的数据源分区块显示?</p>\n",
    "options": []
}