{
    "type": "reply",
    "tag": "ios",
    "difficulty": "1",
    "from": "http://www.jianshu.com/p/20f8d59eb8fb",
    "description": "<p>什么时候使用NSMutableArray，什么时候使用NSArray?</p>\n",
    "answer": "<p>当数组在程序运行时，需要不断变化的，使用NSMutableArray，当数组在初始化后，便不再改变的，使用NSArray。需要指出的是，使用NSArray只表明的是该数组在运行时不发生改变，即不能往NSAarry的数组里新增和删除元素，但不表明其数组內的元素的内容不能发生改变。NSArray是线程安全的，NSMutableArray不是线程安全的，多线程使用到NSMutableArray需要注意。</p>\n",
    "options": []
}