{
    "type": "reply",
    "tag": "ios",
    "difficulty": "1",
    "from": "http://www.jianshu.com/p/20f8d59eb8fb",
    "description": "<p>给出委托方法的实例，并且说出UITableVIew的Data Source方法</p>\n",
    "answer": "<p>CocoaTouch框架中用到了大量委托，其中UITableViewDelegate就是委托机制的典型应用，是一个典型的使用委托来实现适配器模式，其中UITableViewDelegate协议是目标，tableview是适配器，实现UITableViewDelegate协议，并将自身设置为talbeview的delegate的对象，是被适配器，一般情况下该对象是UITableViewController。</p>\n<p>UITableVIew的Data Source方法有- (NSInteger)tableView:(UITableView *)tableView numberOfRowsInSection:(NSInteger)section;</p>\n<ul>\n<li>(UITableViewCell <em>)tableView:(UITableView </em>)tableView cellForRowAtIndexPath:(NSIndexPath *)indexPath;</li>\n</ul>\n",
    "options": []
}