{
    "type": "reply",
    "tag": "ios",
    "difficulty": "1",
    "from": "http://www.jianshu.com/p/20f8d59eb8fb",
    "description": "<p>什么是简便构造方法?</p>\n",
    "answer": "<p>简便构造方法一般由CocoaTouch框架提供，如NSNumber的 + numberWithBool: + numberWithChar: + numberWithDouble: + numberWithFloat: + numberWithInt:</p>\n<p>Foundation下大部分类均有简便构造方法，我们可以通过简便构造方法，获得系统给我们创建好的对象，并且不需要手动释放。</p>\n",
    "options": []
}