{
    "type": "reply",
    "tag": "ios",
    "difficulty": "1",
    "from": "http://www.jianshu.com/p/20f8d59eb8fb",
    "description": "<p>如何使用Xcode设计通用应用?</p>\n",
    "answer": "<p>使用MVC模式设计应用，其中Model层完成脱离界面，即在Model层，其是可运行在任何设备上，在controller层，根据iPhone与iPad(独有UISplitViewController)的不同特点选择不同的viewController对象。在View层，可根据现实要求，来设计，其中以xib文件设计时，其设置其为universal。</p>\n",
    "options": []
}