{
    "type": "reply",
    "tag": "ios",
    "difficulty": "1",
    "from": "http://www.jianshu.com/p/20f8d59eb8fb",
    "description": "<p>UIView的动画效果有那些?</p>\n",
    "answer": "<p>有很多，如 UIViewAnimationOptionCurveEaseInOut UIViewAnimationOptionCurveEaseIn UIViewAnimationOptionCurveEaseOut UIViewAnimationOptionTransitionFlipFromLeft UIViewAnimationOptionTransitionFlipFromRight UIViewAnimationOptionTransitionCurlUpUIViewAnimationOptionTransitionCurlDown</p>\n",
    "options": []
}