{
    "type": "reply",
    "tag": "ios",
    "difficulty": "1",
    "from": "http://www.jianshu.com/p/20f8d59eb8fb",
    "description": "<p>简单介绍下NSURLConnection类及+ sendSynchronousRequest:returningResponse:error:与– initWithRequest:delegate:两个方法的区别?</p>\n",
    "answer": "<p>答: NSURLConnection主要用于网络访问，其中+ sendSynchronousRequest:returningResponse:error:是同步访问数据，即当前线程会阻塞，并等待request的返回的response，而– initWithRequest:delegate:使用的是异步加载，当其完成网络访问后，会通过delegate回到主线程，并其委托的对象。</p>\n",
    "options": []
}