{
    "type": "reply",
    "tag": "ios",
    "difficulty": "1",
    "from": "http://www.jianshu.com/p/20f8d59eb8fb",
    "description": "<p>多线程是什么</p>\n",
    "answer": "<p>答: 多线程是个复杂的概念，按字面意思是同步完成多项任务，提高了资源的使用效率，从硬件、操作系统、应用软件不同的角度去看，多线程被赋予不同的内涵，对于硬件，现在市面上多数的CPU都是多核的，多核的CPU运算多线程更为出色;从操作系统角度，是多任务，现在用的主流操作系统都是多任务的，可以一边听歌、一边写博客;对于应用来说，多线程可以让应用有更快的回应，可以在网络下载时，同时响应用户的触摸操作。在iOS应用中，对多线程最初的理解，就是并发，它的含义是原来先做烧水，再摘菜，再炒菜的工作，会变成烧水的同时去摘菜，最后去炒菜。</p>\n",
    "options": []
}