{
    "type": "reply",
    "tag": "ios",
    "difficulty": "1",
    "from": "http://www.jianshu.com/p/20f8d59eb8fb",
    "description": "<p>iOS 中的多线程</p>\n",
    "answer": "<p>答: iOS中的多线程，是Cocoa框架下的多线程，通过Cocoa的封装，可以让我们更为方便的使用线程，做过C++的同学可能会对线程有更多的理解，比如线程的创立，信号量、共享变量有认识，Cocoa框架下会方便很多，它对线程做了封装，有些封装，可以让我们创建的对象，本身便拥有线程，也就是线程的对象化抽象，从而减少我们的工程，提供程序的健壮性。</p>\n<p>GCD是(Grand Central Dispatch)的缩写 ，从系统级别提供的一个易用地多线程类库，具有运行时的特点，能充分利用多核心硬件。GCD的API接口为C语言的函数，函数参数中多数有Block，关于Block的使用参看这里，为我们提供强大的“接口”，对于GCD的使用参见本文</p>\n<p>NSOperation与Queue</p>\n<p>NSOperation是一个抽象类，它封装了线程的细节实现，我们可以通过子类化该对象，加上NSQueue来同面向对象的思维，管理多线程程序。具体可参看这里：一个基于NSOperation的多线程网络访问的项目。</p>\n<p>NSThread</p>\n<p>NSThread是一个控制线程执行的对象，它不如NSOperation抽象，通过它我们可以方便的得到一个线程，并控制它。但NSThread的线程之间的并发控制，是需要我们自己来控制的，可以通过NSCondition实现。</p>\n<p>参看 iOS多线程编程之NSThread的使用</p>\n<p>其他多线程</p>\n<p>在Cocoa的框架下，通知、Timer和异步函数等都有使用多线程，(待补充).</p>\n",
    "options": []
}