{
    "type": "reply",
    "tag": "ios",
    "difficulty": "1",
    "from": "http://www.jianshu.com/p/20f8d59eb8fb",
    "description": "<p>在项目什么时候选择使用GCD，什么时候选择NSOperation?</p>\n",
    "answer": "<p>答: 项目中使用NSOperation的优点是NSOperation是对线程的高度抽象，在项目中使用它，会使项目的程序结构更好，子类化NSOperation的设计思路，是具有面向对象的优点(复用、封装)，使得实现是多线程支持，而接口简单，建议在复杂项目中使用。</p>\n<p>项目中使用GCD的优点是GCD本身非常简单、易用，对于不复杂的多线程操作，会节省代码量，而Block参数的使用，会是代码更为易读，建议在简单项目中使用。</p>\n",
    "options": []
}