{
    "type": "reply",
    "tag": "ios",
    "difficulty": "1",
    "from": "http://www.jianshu.com/p/20f8d59eb8fb",
    "description": "<p>C和obj-c 如何混用</p>\n",
    "answer": "<p>答: 1).obj-c的编译器处理后缀为m的文件时，可以识别obj-c和c的代码，处理mm文件可以识别obj-c,c,c++代码，但cpp文件必须只能用c/c++代码，而且cpp文件include的头文件中，也不能出现obj-c的代码，因为cpp只是cpp</p>\n<p>2).在mm文件中混用cpp直接使用即可，所以obj-c混cpp不是问题</p>\n<p>3).在cpp中混用obj-c其实就是使用obj-c编写的模块是我们想要的。</p>\n<p>如果模块以类实现，那么要按照cpp class的标准写类的定义，头文件中不能出现obj-c的东西，包括#import cocoa的。实现文件中，即类的实现代码中可以使用obj-c的东西，可以import,只是后缀是mm。</p>\n<p>如果模块以函数实现，那么头文件要按c的格式声明函数，实现文件中，c++函数内部可以用obj-c，但后缀还是mm或m。</p>\n<p>总结：只要cpp文件和cpp include的文件中不包含obj-c的东西就可以用了，cpp混用obj-c的关键是使用接口，而不能直接使用 实现代 码，实际上cpp混用的是obj-c编译后的o文件，这个东西其实是无差别的，所以可以用。obj-c的编译器支持cpp</p>\n",
    "options": []
}