{
    "type": "reply",
    "tag": "ios",
    "difficulty": "1",
    "from": "http://www.jianshu.com/p/20f8d59eb8fb",
    "description": "<p>常见的object-c的数据类型有那些， 和C的基本数据类型有什么区别?如：NSInteger和int</p>\n",
    "answer": "<p>object-c的数据类型有NSString，NSNumber，NSArray，NSMutableArray，NSData等等，这些都是class，创建后便是对象，而C语言的基本数据类型int，只是一定字节的内存空间，用于存放数值;NSInteger是基本数据类型，并不是NSNumber的子类，当然也不是NSObject的子类。NSInteger是基本数据类型Int或者Long的别名(NSInteger的定义typedef long NSInteger)，它的区别在于，NSInteger会根据系统是32位还是64位来决定是本身是int还是Long。</p>\n",
    "options": []
}