{
    "type": "reply",
    "tag": "ios",
    "difficulty": "1",
    "from": "http://www.jianshu.com/p/20f8d59eb8fb",
    "description": "<p>一个参数既可以是const还可以是volatile吗？ 一个指针可以是volatile 吗？解释为什么?</p>\n",
    "answer": "<p>1).是的。一个例子是只读的状态寄存器。它是volatile因为它可能被意想不到地改变。它是const因为程序不应该试图去修改它。</p>\n<p>2).是的。尽管这并不很常见。一个例子是当一个中服务子程序修该一个指向一个buffer的指针时。</p>\n<p>75 . static 关键字的作用：</p>\n<p>答：</p>\n<p>1).函数体内 static 变量的作用范围为该函数体，不同于 auto 变量，该变量的内存只被分配一次，</p>\n<p>因此其值在下次调用时仍维持上次的值；</p>\n<p>2).在模块内的 static 全局变量可以被模块内所用函数访问，但不能被模块外其它函数访问；</p>\n<p>3).在模块内的 static 函数只可被这一模块内的其它函数调用，这个函数的使用范围被限制在声明</p>\n<p>它的模块内；</p>\n<p>4).在类中的 static 成员变量属于整个类所拥有，对类的所有对象只有一份拷贝；</p>\n<p>5).在类中的 static 成员函数属于整个类所拥有，这个函数不接收 this 指针，因而只能访问类的static 成员变量。</p>\n",
    "options": []
}