{
    "type": "reply",
    "tag": "ios",
    "difficulty": "1",
    "from": "http://www.jianshu.com/p/20f8d59eb8fb",
    "description": "<p>线程与进程的区别和联系?</p>\n",
    "answer": "<p>1). 进程和线程都是由操作系统所体会的程序运行的基本单元，系统利用该基本单元实现系统对应用的并发性</p>\n<p>2). 进程和线程的主要差别在于它们是不同的操作系统资源管理方式。</p>\n<p>3). 进程有独立的地址空间，一个进程崩溃后，在保护模式下不会对其它进程产生影响，而线程只是一个进程中的不同执行路径。</p>\n<p>4.)线程有自己的堆栈和局部变量，但线程之间没有单独的地址空间，一个线程死掉就等于整个进程死掉。所以多进程的程序要比多线程的程序健壮，但在进程切换时，耗费资源较大，效率要差一些。</p>\n<p>5). 但对于一些要求同时进行并且又要共享某些变量的并发操作，只能用线程，不能用进程。</p>\n",
    "options": []
}