{
    "type": "reply",
    "tag": "ios",
    "difficulty": "1",
    "from": "http://www.jianshu.com/p/20f8d59eb8fb",
    "description": "<p>cocoa touch框架</p>\n",
    "answer": "<p>iPhone OS 应用程序的基础 Cocoa Touch 框架重用了许多 Mac 系统的成熟模式，但是它更多地专注于触摸的接口和优化。</p>\n<p>UIKit 为您提供了在 iPhone OS 上实现图形，事件驱动程序的基本工具，其建立在和 Mac OS X 中一样的 Foundation 框架上，包括文件处理，网络，字符串操作等。</p>\n<p>Cocoa Touch 具有和 iPhone 用户接口一致的特殊设计。有了 UIKit，您可以使用 iPhone OS 上的独特的图形接口控件，按钮，以及全屏视图的功能，您还可以使用加速仪和多点触摸手势来控制您的应用。</p>\n<p>各色俱全的框架 除了UIKit 外，Cocoa Touch 包含了创建世界一流 iPhone 应用程序需要的所有框架，从三维图形，到专业音效，甚至提供设备访问 API 以控制摄像头，或通过 GPS 获知当前位置。</p>\n<p>Cocoa Touch 既包含只需要几行代码就可以完成全部任务的强大的 Objective-C 框架，也在需要时提供基础的 C 语言 API 来直接访问系统。这些框架包括：</p>\n<p>Core Animation：通过 Core Animation，您就可以通过一个基于组合独立图层的简单的编程模型来创建丰富的用户体验。</p>\n<p>Core Audio：Core Audio 是播放，处理和录制音频的专业技术，能够轻松为您的应用程序添加强大的音频功能。</p>\n<p>Core Data：提供了一个面向对象的数据管理解决方案，它易于使用和理解，甚至可处理任何应用或大或小的数据模型。</p>\n<p>功能列表：框架分类</p>\n<p>下面是 Cocoa Touch 中一小部分可用的框架：</p>\n<p>音频和视频：Core Audio ，OpenAL ，Media Library ，AV Foundation</p>\n<p>数据管理 ：Core Data ，SQLite</p>\n<p>图形和动画 ：Core Animation ，OpenGL ES ，Quartz 2D</p>\n<p>网络：Bonjour ，WebKit ，BSD Sockets</p>\n<p>用户应用：Address Book ，Core Location ，Map Kit ，Store Kit</p>\n",
    "options": []
}