{
    "type": "reply",
    "tag": "ios",
    "difficulty": "1",
    "from": "http://www.jianshu.com/p/20f8d59eb8fb",
    "description": "<p>http和scoket通信的区别?</p>\n",
    "answer": "<p>http是客户端用http协议进行请求，发送请求时候需要封装http请求头，并绑定请求的数据，服务器一般有web服务器配合（当然也非绝对）。 http请求方式为客户端主动发起请求，服务器才能给响应，一次请求完毕后则断开连接，以节省资源。服务器不能主动给客户端响应（除非采取http长连接 技术）。iphone主要使用类是NSUrlConnection。</p>\n<p>scoket是客户端跟服务器直接使用socket“套接字”进行连接，并没有规定连接后断开，所以客户端和服务器可以保持连接通道，双方 都可以主动发送数据。一般在游戏开发或股票开发这种要求即时性很强并且保持发送数据量比较大的场合使用。主要使用类是CFSocketRef。</p>\n",
    "options": []
}