{
    "type": "reply",
    "tag": "ios",
    "difficulty": "1",
    "from": "http://www.jianshu.com/p/20f8d59eb8fb",
    "description": "<p>你了解svn,cvs等版本控制工具么？</p>\n",
    "answer": "<p>版本控制 svn,cvs 是两种版控制的器,需要配套相关的svn，cvs服务器。</p>\n<p>scm是xcode里配置版本控制的地方。版本控制的原理就是a和b同时开发一个项目，a写完当天的代码之后把代码提交给服务器，b要做的时候先从服务器得到最新版本，就可以接着做。 如果a和b都要提交给服务器，并且同时修改了同一个方法，就会产生代码冲突，如果a先提交，那么b提交时，服务器可以提示冲突的代码，b可以清晰的看到，并做出相应的修改或融合后再提交到服务器。</p>\n",
    "options": []
}