{
    "type": "reply",
    "tag": "ios",
    "difficulty": "1",
    "from": "http://www.jianshu.com/p/20f8d59eb8fb",
    "description": "<p>简述内存分区情况</p>\n",
    "answer": "<p>1).代码区：存放函数二进制代码</p>\n<p>2).数据区：系统运行时申请内存并初始化，系统退出时由系统释放。存放全局变量、静态变量、常量</p>\n<p>3).堆区：通过malloc等函数或new等操作符动态申请得到，需程序员手动申请和释放</p>\n<p>4).栈区：函数模块内申请，函数结束时由系统自动释放。存放局部变量、函数参数</p>\n",
    "options": []
}