{
    "type": "reply",
    "tag": "ios",
    "difficulty": "1",
    "from": "http://www.jianshu.com/p/20f8d59eb8fb",
    "description": "<p>队列和栈有什么区别?</p>\n",
    "answer": "<p>队列和栈是两种不同的数据容器。从”数据结构”的角度看，它们都是线性结构，即数据元素之间的关系相同。</p>\n<p>队列是一种先进先出的数据结构，它在两端进行操作，一端进行入队列操作，一端进行出列队操作。</p>\n<p>栈是一种先进后出的数据结构，它只能在栈顶进行操作，入栈和出栈都在栈顶操作。</p>\n",
    "options": []
}