{
    "type": "reply",
    "tag": "ios",
    "difficulty": "1",
    "from": "http://www.jianshu.com/p/20f8d59eb8fb",
    "description": "<p>简述视图控件器的生命周期?</p>\n",
    "answer": "<p>loadView 尽管不直接调用该方法，如多手动创建自己的视图，那么应该覆盖这个方法并将它们赋值给试图控制器的 view 属性。</p>\n<p>viewDidLoad 只有在视图控制器将其视图载入到内存之后才调用该方法，这是执行任何其他初始化操作的入口。</p>\n<p>viewDidUnload 当试图控制器从内存释放自己的方法的时候调用，用于清楚那些可能已经在试图控制器中创建的对象。</p>\n<p>viewVillAppear 当试图将要添加到窗口中并且还不可见的时候或者上层视图移出图层后本视图变成顶级视图时调用该方法，用于执行诸如改变视图方向等的操作。实现该方法时确保调用 [super viewWillAppear:</p>\n<p>viewDidAppear 当视图添加到窗口中以后或者上层视图移出图层后本视图变成顶级视图时调用，用于放置那些需要在视图显示后执行的代码。确保调用 [super viewDidAppear：] 。</p>\n",
    "options": []
}