{
    "type": "reply",
    "tag": "ios",
    "difficulty": "1",
    "from": "http://www.jianshu.com/p/20f8d59eb8fb",
    "description": "<p>UIView与CLayer有什么区别？</p>\n",
    "answer": "<p>1).UIView 是 iOS 系统中界面元素的基础，所有的界面元素都是继承自它。它本身完全是由 CoreAnimation 来实现的。它真正的绘图部分，是由一个 CALayer 类来管理。 UIView 本身更像是一个 CALayer 的管理器，访问它的跟绘图和跟坐标有关的属性。</p>\n<p>2).UIView 有个重要属性 layer ，可以返回它的主 CALayer 实例。</p>\n<p>3).UIView 的 CALayer 类似 UIView 的子 View 树形结构，也可以向它的 layer 上添加子layer ，来完成某些特殊的表示。即 CALayer 层是可以嵌套的。</p>\n<p>4).UIView 的 layer 树形在系统内部，被维护着三份 copy 。分别是逻辑树，这里是代码可以操纵的；动画树，是一个中间层，系统就在这一层上更改属性，进行各种渲染操作；显示树，其内容就是当前正被显示在屏幕上得内容。</p>\n<p>5).动画的运作：对 UIView 的 subLayer （非主 Layer ）属性进行更改，系统将自动进行动画生成，动画持续时间的缺省值似乎是 0.5 秒。</p>\n<p>6).坐标系统： CALayer 的坐标系统比 UIView 多了一个 anchorPoint 属性，使用CGPoint 结构表示，值域是 0~1 ，是个比例值。这个点是各种图形变换的坐标原点，同时会更改 layer 的 position 的位置，它的缺省值是 {0.5,0.5} ，即在 layer 的中央。</p>\n<p>7).渲染：当更新层，改变不能立即显示在屏幕上。当所有的层都准备好时，可以调用setNeedsDisplay 方法来重绘显示。</p>\n<p>8).变换：要在一个层中添加一个 3D 或仿射变换，可以分别设置层的 transform 或affineTransform 属性。</p>\n<p>9).变形： Quartz Core 的渲染能力，使二维图像可以被自由操纵，就好像是三维的。图像可以在一个三维坐标系中以任意角度被旋转，缩放和倾斜。 CATransform3D 的一套方法提供了一些魔术般的变换效果。</p>\n",
    "options": []
}